<?xml version="1.0" encoding="UTF-8"?>
<beans xmlns="http://www.springframework.org/schema/beans"
	xmlns:xsi="http://www.w3.org/2001/XMLSchema-instance"
	xsi:schemaLocation="http://www.springframework.org/schema/beans http://www.springframework.org/schema/beans/spring-beans.xsd">

<!-- First Part -->
<!-- <bean name="person" class="org.example.demo.Person">
<property name="personId" value="101"/>
<property name="personName" value="Joh  Doe"/>
</bean>
<bean name="e" class="org.example.demo.Employee">
<property name="employeeId" value="100"/>
<property name="firstName" value="marry"/>
<property name="lastName" value="public"/>
<property name="email" value="marry@email.com"/>
</bean> -->

<!-- Second Part -->
<!-- <bean name="coach" class="org.example.demo.SwimmingCoach"></bean> -->
<!-- <bean name="coach" class="org.example.demo.CricketCoach"></bean> -->
<!-- <bean name="coach" class="org.example.demo.VolleyBallCoach"></bean> -->

<!-- Third Part -->
<bean name="e" class="org.example.demo.Employee">
<constructor-arg name="employeeId" value="100"/>
<constructor-arg name="firstName" value="John"/>
<constructor-arg name="lastName" value="Doe"/>
<constructor-arg name="email" value="john@email.com"/>
</bean>
</beans>