<?xml version="1.0" encoding="UTF-8"?>
<beans xmlns="http://www.springframework.org/schema/beans"
	xmlns:xsi="http://www.w3.org/2001/XMLSchema-instance"
	xmlns:context="http://www.springframework.org/schema/context"
	xsi:schemaLocation="http://www.springframework.org/schema/beans http://www.springframework.org/schema/beans/spring-beans.xsd
		http://www.springframework.org/schema/context http://www.springframework.org/schema/context/spring-context-4.3.xsd">
<context:property-placeholder location="classpath:sports.properties"/>
<bean id="fortuneService" class="org.example.demo.HappyFortuneService">

</bean>

<bean id="theCoach" class="org.example.demo.CricketCoach" init-method="initCricketCoach" destroy-method="customDestroyMethod" scope="prototype">
<property name="fortuneService" ref="fortuneService"/>
<property name="email" value="${foo.email}"/>
<property name="team" value="${foo.team}"/>
</bean>
</beans>